,segment,计数
3525,简书,733
655,交友,658
2813,树洞,303
205,一个,190
1867,少年,158
1271,同学,149
2164,怦然心动,144
1365,喜欢,119
2733,未来,109
4231,遇见,91
2192,情书,80
939,写给,78
2709,朋友,73
246,一封信,63
468,专题,59
3277,男朋友,54
2924,求脱,53
783,你好,52
299,一起,50
1663,姑娘,48
3107,点名,47
2052,征文,47
318,七夕,47
2461,故事,44
2991,活动,43
1941,希望,42
3728,联合,41
778,作战,40
3101,灵魂,40
2707,有趣,39
3756,脱单,37
2962,没有,35
3410,知道,34
1604,女朋友,34
3149,爱情,33
1516,大学,32
3365,相遇,32
360,上海,29
3966,认识,29
2300,我该,29
79,90,27
3251,生活,27
245,一封,25
3537,简友,25
2298,我要,24
199,一下,24
114,Her,24
1600,女孩,24
3269,男友,23
1656,妹子,23
45,2018,23
685,人生,23
1797,寻找,22
4374,陌生人,22
772,余生,21
4230,遇到,21
929,写作,21
444,不要,20
698,介绍,20
128,Matchmaker,20
2497,文艺,19
378,不会,19
3432,礼物,19
2255,愿意,19
1126,单身,18
3677,美好,18
472,世界,18
2489,文字,18
1788,对话,18
669,亲爱,18
2266,成为,17
2342,找到,17
2715,期待,16
1349,哥哥,16
231,一场,16
2587,时间,16
467,专访,16
265,一枚,16
3527,简书人,16
3770,自我介绍,15
2377,招募,15
2174,恋爱,15
1696,孤独,15
2194,情人节,15
1312,听说,14
435,不知,14
657,交换,14
1325,周刊,14
1245,可能,14
3472,程序员,14
1657,妹纸,13
3278,男生,13
2291,我来,13
1438,坐标,13
1823,小姐姐,13
936,写日记,13
3535,简单,13
226,一只,13
2928,汉子,13
581,书上,13
1268,同城,12
733,优秀,12
1707,学院,12
1599,女子,12
2578,时光,12
4210,选择,12
2356,投稿,12
2665,最美,11
4109,路上,11
4461,须知,11
2660,最好,11
3491,笔友,11
1243,可爱,11
1608,女生,11
28,14,11
1408,图书馆,11
1866,少女,11
3453,离开,11
683,人气,11
4415,需要,11
3346,相亲,11
3808,艳遇,11
117,Him,11
3387,真的,10
849,先生,10
3139,爱丽丝,10
1016,初恋,10
1195,发现,10
217,一位,10
1001,分手,10
4350,阳光,10
2678,有人,10
3598,线下,10
4338,问答,10
2396,指教,10
1074,北京,10
1012,创作,10
2815,校园,10
4426,青春,10
3637,继续,10
3501,第一次,10
694,今天,10
279,一直,10
1535,大赛,10
2496,文章,9
1509,大叔,9
410,不想,9
2245,感情,9
2120,心里,9
3814,艾特,9
1910,工作,9
2249,感谢,9
1100,十里,9
442,不能,9
1030,到底,9
1802,封信,9
3951,觉得,9
2205,情诗,9
806,信息,9
4175,远方,9
4186,迷茫,9
1596,女友,9
2619,是否,9
1323,告诉,9
3623,结婚,9
1573,太阳,9
4125,身高,9
651,交个,9
2615,春风,9
1628,好看,9
3274,男孩,9
1270,同城群,9
383,不到,8
1283,名字,8
278,一生,8
3967,认识一下,8
2898,毕业,8
57,30,8
450,不负,8
1140,南方,8
3556,粉丝,8
3777,自由,8
241,一定,8
43,2017,8
908,其实,8
1168,原来,8
2225,想要,8
3059,温暖,8
3746,胶囊,8
41,20,8
2129,志同道合,8
2339,找个,8
4149,过来,8
1789,对象,8
3364,相逢,8
3913,表白,8
1956,平凡,8
1609,女神,8
281,一种,8
3369,看到,8
1385,回信,7
1062,努力,7
3548,管理,7
2525,旅行,7
4142,辩论,7
1426,地方,7
3054,清风,7
3349,相信,7
2935,江南,7
3674,美丽,7
4373,陌生,7
2653,曾经,7
1899,岁月,7
3517,等待,7
1040,前男友,7
3265,男人,7
4164,这是,7
1066,勇敢,7
491,两年,7
1101,千万,7
526,主编,7
2051,征婚,7
4425,青年,7
2421,推荐,7
3155,爱笑,7
780,作者,7
1731,安静,7
3221,现在,7
4028,读书,7
2592,明信片,7
2851,模样,7
4371,陌上,6
2702,有缘,6
2685,有幸,6
529,久别重逢,6
2383,拥有,6
51,24,6
1594,女人,6
946,农大,6
4482,风尘,6
3437,社群,6
129,Mr,6
3373,看看,6
2917,永远,6
3750,能量,6
3060,温柔,6
3070,湖南,6
1969,年度,6
963,准备,6
1322,告白,6
1890,山东,6
24,11,6
658,交朋友,6
21,100,6
656,交往,6
4041,谈恋爱,6
4369,陈时航,6
2143,快乐,6
2167,总是,6
2206,情话,6
4507,首页,6
415,不敢,6
229,一名,6
2727,未央,6
3331,皮囊,6
2819,样子,6
3471,程序,6
4282,重新认识,6
1997,应该,6
706,仙女,6
70,520,6
2651,更好,6
2414,接受,6
746,伴侣,6
3963,认真,6
3120,热爱,6
3170,特别,6
716,以后,6
4397,难过,6
719,以文会友,6
2209,惊喜,6
3941,见字,6
2645,暗恋,6
4007,该不该,5
3424,硕士,5
2855,欢迎,5
2243,感恩,5
2875,此生,5
1857,小说,5
4201,送给,5
3426,确认,5
1645,如面,5
1649,妈妈,5
3048,清新,5
812,值得,5
4281,重新,5
3498,第一届,5
3396,眼神,5
546,之后,5
999,分享,5
2186,患者,5
423,不来,5
2455,放弃,5
1539,大龄,5
3288,留下,5
765,何去何从,5
1618,好像,5
394,不够,5
2290,我愿,5
4204,适合,5
2837,梦想,5
2246,感觉,5
1619,好友,5
3405,瞬间,5
411,不愿,5
3281,男票,5
4045,谢谢,5
2941,江苏,5
508,中学,5
3313,白头,5
1601,女孩儿,5
4247,邂逅,5
2288,我怕,5
3988,评论,5
2920,求助,5
1017,初来乍到,5
641,五年,5
216,一份,5
3730,联系,5
4410,雪景,5
3601,终于,5
1724,安徽,5
20,10,5
1894,山西,5
1362,善良,5
1166,原创,5
3764,自卑,5
2667,最近,5
274,一点,5
1972,年轻,5
2097,心动,5
1376,四季,5
1705,学生,5
55,28,5
238,一天,5
1097,十年,5
3247,生日,5
1980,幸福,5
3246,生命,5
1444,城市,5
3389,真诚,5
249,一年,5
1340,咖啡,5
3121,热爱生活,5
287,一篇,5
3158,父母,5
304,一遍,5
3382,真实,5
2629,晚点,5
1699,学习,5
3696,老公,5
3354,相思,5
2012,开朗,5
1379,四年,5
208,一中,5
1389,回家,5
2617,是不是,5
3157,父亲,5
1711,孩子,5
2002,建议,5
1031,到来,5
1926,已经,5
4524,高兴,5
1034,前任,5
3710,考研,5
4084,走过,4
3495,第一个,4
3494,第一,4
3776,自来,4
2234,意思,4
1180,友情,4
469,世上,4
3446,福利,4
1451,声音,4
4181,迟到,4
82,93,4
3115,烦恼,4
2942,江西,4
2756,来交个,4
1622,好好,4
3287,画画,4
708,代码,4
81,92,4
474,世间,4
1655,妹妹,4
1554,天涯,4
2889,每天,4
1163,压力,4
3559,精彩,4
2532,无别,4
172,hi,4
2050,征友,4
1441,坚持,4
1287,后夏夕颜,4
735,会友,4
1756,室友,4
141,TA,4
3363,相识,4
138,Right,4
2280,我会,4
774,佛系,4
3332,盖世英雄,4
3280,男神,4
4052,负债,4
762,体验,4
1634,如初,4
2732,未曾,4
4492,风雪,4
1267,同事,4
2277,成都,4
3146,爱好者,4
503,中医,4
1208,叛逆,4
3137,爱上,4
822,做饭,4
84,95,4
4452,面对,4
2445,收到,4
1205,变成,4
1822,小姐,4
1302,君子,4
2434,摄影,4
86,97,4
2439,撩妹,4
3734,背后,4
1922,已婚,4
3297,疯子,4
3145,爱好,4
556,乌鸦,4
720,以梦为,4
2567,日子,4
582,书信,4
1983,幻想,4
1965,年华,4
3533,简书里,4
3923,裸贷,4
1966,年妹,4
948,冬天,4
2373,拒绝,4
1976,年龄,4
932,写字,4
2703,有缘人,4
930,写信,4
871,八一,4
2658,最后,4
1981,幸运,4
1482,多多指教,4
915,内心,4
2187,悦己,4
2801,查收,4
293,一群,4
634,互粉,4
1010,刚好,4
1014,初入,4
3456,离职,4
1393,回来,4
3870,获奖,4
2354,抑郁,4
3610,经历,4
1525,大概,4
3398,眼里,4
3392,眼前,4
308,一颗,4
302,一辈子,4
1380,四月,4
974,几个,4
4166,这条,4
1486,多年,4
750,似舞,4
2932,汉纸,4
3319,白茶,4
1936,师大,4
899,关注,4
3348,相似,4
693,今夜,4
897,共央君,4
3419,研究生,4
3214,玫瑰,4
1542,天使,4
397,不好意思,4
4289,野马,4
4172,进来,4
3961,计划,4
1116,半年,4
2092,心上人,4
2627,晚安,4
3412,短发,4
3411,知音,4
1674,婚姻,4
3649,缓缓,4
2490,文学,4
54,27,4
3651,编委,4
4099,足以,4
1391,回忆,3
3579,红尘,3
2323,才子,3
696,今生,3
3291,留在,3
3463,科技,3
2358,折腾,3
744,伪文青,3
3672,网贷,3
2939,江湖,3
1851,小确幸,3
3204,献给,3
1589,奋斗,3
4065,贵州,3
1297,向往,3
4100,足够,3
3169,特产,3
4081,走上,3
2929,汉服,3
1582,头发,3
3595,纸人,3
1294,向上,3
3213,玩转,3
2951,沉迷,3
3188,独白,3
3641,维权,3
3602,终其一生,3
728,伊人,3
664,产品,3
1971,年纪,3
3192,独自,3
1324,告诫,3
3682,美食,3
2958,沟通,3
1282,名单,3
689,人间,3
1204,变态,3
2014,异地,3
3080,漂亮,3
1073,匆匆,3
3936,要求,3
925,再见,3
924,再次,3
1078,北方,3
3833,苏州,3
2113,心碎,3
1480,多图,3
3544,简约,3
910,养猫,3
2106,心灵,3
2104,心情,3
2103,心悦,3
3012,浪漫,3
906,兵哥哥,3
1473,多个,3
3009,浙江,3
3954,解决,3
894,共同,3
3500,第一期,3
2221,想来,3
933,写封信,3
2199,情感,3
2093,心中,3
1489,多才多艺,3
3049,清欢,3
1018,初次见面,3
1504,大三,3
2162,思考,3
996,出轨,3
995,出现,3
3518,答应,3
987,出去,3
981,凡人,3
3039,深情,3
3908,行情,3
964,凉亦歌,3
1892,山有,3
1050,功能,3
1051,加入,3
1877,尝试,3
3848,英雄,3
2127,忍不住,3
1067,勇气,3
945,农业大学,3
2196,情侣,3
1468,外向,3
880,公司,3
2015,异性,3
815,做个,3
2262,懂事,3
3273,男子,3
2043,影子,3
3142,爱人,3
2041,彩虹,3
2272,成熟,3
3484,童话,3
3275,男孩儿,3
1219,古风,3
1224,只为,3
3150,爱情故事,3
2278,成长,3
781,你们好,3
1238,可否,3
3224,珍惜,3
2970,河南,3
768,何方,3
3701,老婆,3
3700,老娘,3
3697,老去,3
1264,合集,3
1887,属于,3
4016,说些,3
3804,良人,3
1203,变得,3
1119,华东师范大学,3
3103,灿烂,3
2089,微笑,3
3971,记录,3
3972,记得,3
3973,记忆,3
3497,第一封,3
3001,流浪,3
1127,南京,3
2997,活着,3
2995,活泼,3
2994,活成,3
1912,工科,3
3769,自我,3
1553,天津,3
1169,原谅,3
1170,厦门,3
3233,理解,3
2252,愿君,3
1184,双十,3
1189,发光,3
3962,认为,3
3464,秘密,3
365,上线,3
2869,正好,3
1759,家乡,3
88,985,3
2865,歌词,3
2505,新人,3
235,一壶酒,3
233,一声,3
2563,既见,3
1680,嫁给,3
4508,香气,3
1640,如玉,3
3352,相处,3
4229,遇上,3
375,不了,3
225,一句,3
511,中年,3
2868,正在,3
1810,小伙伴,3
507,中国,3
2871,正经,3
1626,好玩,3
2514,新疆,3
264,一条,3
2550,无法,3
4194,追求,3
3390,眼中,3
4529,高考,3
254,一把,3
2405,挽回,3
1709,学霸,3
3318,白色,3
251,一座,3
549,之旅,3
74,80,3
244,一对一,3
4317,长大,3
2808,栀子,3
4390,随风,3
3376,看见,3
465,专场,3
463,专刊,3
462,专业,3
4465,预警,3
2603,星辰,3
1666,姗姗来迟,3
4287,重逢,3
1659,姐姐,3
2742,机会,3
4457,韶华,3
4456,音乐,3
4286,重要,3
443,不舍,3
1734,完成,3
4278,重庆,3
2606,春天,3
478,东北,3
505,中医药大学,3
2487,文友,3
2854,欢喜,3
498,个人,3
115,Hey,3
116,Hi,3
2852,樱花,3
4489,风里,3
2620,是因为,3
2441,擅长,3
486,两个,3
207,一个月,3
3361,相聚,3
481,东西,3
4307,错过,3
3409,知己,3
3362,相见,3
563,乐观,3
2469,教师,3
611,二十岁,3
4377,陪伴,3
583,书写,3
584,书友,3
2905,气质,3
1613,好不好,3
4347,闺蜜,3
1780,寒假,3
4385,随和,3
594,了解,3
26,12,3
2699,有生之年,3
598,事情,3
601,二中,3
320,七年,3
2381,拥抱,3
4165,这有,3
4155,运气,3
1836,小时,3
3395,眼睛,3
2677,有个,3
4355,阿姨,3
2376,招亲,3
4150,过来人,3
588,书简,3
1694,孤单,3
2546,无数,3
48,211,3
2518,方式,3
47,21,3
2684,有奖,3
574,九零,3
4141,辞职,3
4140,辜负,3
309,一首,3
52,25,3
3753,脚步,2
212,一人,2
3775,自拍照,2
198,一万,2
2542,无房,2
2576,早起,2
183,right,2
182,my,2
4424,青岛,2
3250,生气,2
1148,博士,2
1185,双子座,2
3063,渴望,2
3752,脑洞,2
4423,青山,2
3379,看雪,2
3785,自述,2
3864,莫名其妙,2
2072,很酷,2
3782,自荐,2
291,一缕,2
1458,复合,2
3069,湖北,2
2539,无悔,2
3774,自拍,2
3122,热门,2
1037,前女友,2
3762,自信,2
187,soulmate,2
1453,处女,2
4437,青青,2
2583,时差,2
1039,前未,2
4435,青葱,2
191,ta,2
2063,很多,2
2540,无意,2
3113,烟雨,2
1164,厌倦,2
3125,照顾,2
3128,熟悉,2
3372,看海,2
2541,无戒,2
3767,自律,2
2065,很大,2
3758,脾气,2
3323,白首,2
4440,静好,2
1042,前行,2
1036,前半生,2
1178,参观,2
3123,焦虑,2
1075,北北笑,2
3112,烟火,2
4386,随心,2
280,一眼,2
1105,千百度,2
239,一套,2
2560,无需,2
1102,千万别,2
3386,真正,2
3845,苦恼,2
277,一瓢,2
1470,外表,2
1903,崩溃,2
4402,雅木风,2
1490,多次,2
3546,简述,2
2557,无车,2
275,一片,2
1475,多人,2
2547,无数次,2
1479,多变,2
255,一抹,2
259,一朝一夕,2
1481,多多关照,2
3248,生日快乐,2
261,一本,2
4389,随缘,2
263,一束,2
1487,多想,2
266,一枝春,2
271,一波,2
270,一步,2
4443,静若处子,2
1106,千篇一律,2
3110,烈酒,2
4407,雨里,2
2084,微商,2
2570,日照,2
3797,致饱醉豚,2
215,一任,2
1047,力量,2
2765,来看,2
2549,无果,2
1048,办法,2
3855,草原,2
290,一纸,2
1125,单纯,2
3799,舍友,2
220,一剑,2
3383,真心,2
2544,无所畏惧,2
1496,夜晚,2
2133,忘不掉,2
1716,守候,2
288,一米,2
1704,学校,2
1117,半月,2
2564,日出,2
285,一笔,2
230,一周,2
4384,随便,2
2094,心事,2
1799,寻觅,2
1060,动若脱兔,2
3812,艺术,2
319,七封,2
3226,理工,2
4445,靠岸,2
1987,广场,2
3345,相互,2
4533,魔鬼,2
1326,周小北,2
53,26,2
3657,缘深,2
3656,缘浅,2
3655,缘来,2
1985,幽默,2
1989,广州,2
1336,命中注定,2
50,23,2
49,22,2
1339,咕酱,2
1341,咖啡馆,2
3334,盘点,2
4535,鲜肉,2
4531,魂牵梦绕,2
1320,吾爱,2
3187,独特,2
72,70,2
1300,君兮君,2
1934,帅哥,2
1760,家人,2
4518,骑行,2
3172,特立,2
3670,网恋,2
1761,家庭,2
1422,在家,2
2708,有酒,2
3347,相会,2
3215,环境,2
1419,圣诞节,2
1939,师范学院,2
4525,高山流水,2
3661,缘起,2
1318,吵架,2
3596,纸短情长,2
2659,最大,2
3135,爆照,2
3613,经理,2
1771,寂静,2
3604,终极,2
1378,四川,2
11,03,2
1772,寄予,2
2691,有朋自远方来,2
1399,团队,2
2690,有时候,2
2676,月薪,2
1953,常有,2
3337,盛开,2
1388,回头,2
4563,齐飞,2
5,01,2
3606,终生,2
2,00,2
1947,带来,2
3599,细水长流,2
4538,鸡汤,2
3193,独行,2
37,187,2
2662,最有,2
1409,图文,2
2664,最爱,2
1973,年轻人,2
2668,最长,2
27,13,2
2698,有点,2
2694,有枝,2
3628,绘画,2
2697,有没有,2
3336,盛宴,2
1366,喜爱,2
3626,结束,2
1770,寂寞,2
1406,国学,2
77,88,2
80,91,2
83,94,2
1229,只愿,2
2036,当年,2
4469,领证,2
4375,陕西,2
2033,当做,2
3723,聊赠,2
143,Top,2
1228,只想,2
3721,聊聊,2
4467,领导,2
142,To,2
3719,聊天,2
1233,召唤,2
3718,聊大,2
2029,归来,2
2028,归期,2
1239,可好,2
1220,另一半,2
151,baby,2
1296,向前,2
1202,变化,2
173,iPhone,2
171,hey,2
170,hello,2
1197,发生,2
168,gay,2
1921,差不多,2
2593,明天,2
1735,完美,2
1738,定制,2
2595,明月,2
3140,爱丽斯,2
2743,杂货店,2
2600,星尘,2
155,boy,2
154,blue,2
3227,理工科,2
2027,弹钢琴,2
4473,颜色,2
2025,弱水三千,2
1285,名片,2
1273,同意,2
2011,开心,2
3690,群里,2
1276,同济大学,2
3580,红枣,2
3687,群主,2
2719,木兮木,2
1286,后半生,2
2609,春暖花开,2
93,AI,2
2640,晴天,2
1289,后悔,2
3333,盖楼,2
3681,美酒,2
89,99,2
3678,美少女,2
2722,木子,2
3355,相恋,2
3357,相机,2
3359,相爱,2
2610,春秋,2
2612,春节,2
2614,春雨,2
3156,爱过,2
2616,昨夜,2
2618,是从,2
1252,叶麟潇,2
3704,老板,2
3702,老师,2
1256,吃饭,2
4485,风景,2
3577,红妆,2
2621,晒手,2
1263,合适,2
1746,实在,2
300,一路,2
1396,回顾,2
306,一隅,2
2261,慢热,2
496,两难,2
1861,小雨,2
2978,注意,2
798,便是,2
1562,天蝎女,2
4029,读懂,2
2442,攒够,2
487,两人,2
4024,请多关照,2
1864,小鱼,2
1558,天秤,2
4021,说话,2
810,俱乐部,2
3428,碰到,2
4251,那年,2
813,倾诉,2
814,假装,2
793,依然,2
792,依旧,2
4037,调频,2
522,主义者,2
4053,负责,2
2286,我家,2
527,主题,2
4222,逝去,2
2423,提前,2
523,主动,2
2969,河北,2
1827,小学生,2
3276,男孩子,2
776,作家,2
513,中文,2
779,作文,2
3433,社交,2
2858,欣赏,2
4238,遗憾,2
787,佳人,2
4019,说明,2
3271,男女,2
2228,想象,2
820,做起,2
1551,天晴,2
847,先来,2
4372,陌客,2
452,不起,2
2463,故人,2
3989,评选,2
853,光棍节,2
2237,意见,2
2996,活泼开朗,2
2466,敏感,2
4273,采访,2
1818,小女子,2
2232,意外,2
3981,设置,2
863,入骨,2
1548,天堂,2
865,全国,2
2992,活在,2
2835,梦回,2
454,不逛,2
4008,该是,2
2259,慎点,2
2448,收获,2
2985,洛子帅,2
2257,愿望,2
2256,愿有,2
3425,确定,2
2253,愿和你,2
830,偶遇,2
455,不配,2
831,偷偷,2
2451,攻略,2
4005,诚邀,2
2251,愿不愿意,2
2841,梦里,2
460,与子偕老,2
1658,妻子,2
2287,我心,2
4218,通知,2
2867,正儿八经,2
756,位置,2
3459,私奔,2
673,人会,2
674,人像,2
1837,小星星,2
680,人来,2
2897,比较,2
2333,执子之手,2
597,事实,2
1843,小温,2
596,事儿,2
595,事业,2
2328,打卡,2
2895,比文,2
2894,毒舌,2
590,买不起,2
586,书本,2
2892,每次,2
3290,留住,2
2901,毛病,2
4158,还好,2
2349,技师,2
2913,水瓶座,2
1607,女王,2
2355,抑郁症,2
2353,抑制,2
3454,离异,2
2908,水吉糖儿,2
1602,女孩子,2
2371,拍照,2
2344,找寻,2
621,云南省,2
620,云南,2
660,交流会,2
1614,好久不见,2
618,云中,2
3451,离婚,2
4119,身上,2
580,乡镇,2
2321,才华,2
4180,连载小说,2
1632,如今,2
4200,送礼物,2
738,会计,2
2877,武汉,2
740,传统,2
2959,没人能,2
743,伤感,2
2407,捕捉,2
3299,疯癫,2
734,优雅,2
2960,没关系,2
3439,祝福,2
749,似水流年,2
2413,探索,2
2963,没来,2
2293,我爱你,2
2870,正式,2
2957,沙龙,2
554,之间,2
2392,指南,2
1581,头像,2
4089,起床,2
2888,每个,2
4187,迷路,2
2314,手机,2
1833,小弟弟,2
565,乖乖女,2
721,以简,2
1580,失败,2
2303,或许,2
3443,神经,2
2952,沐心,2
726,价值,2
1629,好色,2
3298,疯狂,2
3473,稳定,2
3474,稳重,2
3977,讲述,2
3992,试一试,2
3928,西南,2
1805,将军,2
2198,情怀,2
3930,西安,2
4318,长安,2
3892,蔷薇,2
3400,睡不着,2
3019,海南,2
931,写出,2
989,出发,2
379,不住,2
2166,怪人,2
2519,方知,2
992,出柜,2
1806,将要,2
2202,情结,2
918,内涵,2
3018,海内存知己,2
2810,标签,2
1692,季动,2
3045,清华,2
382,不出,2
4349,阅读,2
2498,文若,2
3256,用力,2
4312,长乐,2
1002,分校,2
386,不及,2
3940,见到,2
1512,大大,2
345,三年,2
942,军恋,2
1681,嫖娼,2
2504,斯人,2
351,三生有幸,2
2178,恩爱,2
1523,大方,2
3033,淑女,2
1524,大条,2
4335,闪闪发光,2
353,三观,2
1526,大海,2
2798,柔情,2
3262,电影,2
4339,问题,2
2799,柚子,2
355,三餐,2
1518,大学生,2
1685,字数,2
2509,新年礼物,2
959,冷清,2
3915,表面,2
4328,长相,2
2169,总有一天,2
3508,第二个,2
3920,装着,2
364,上瘾,2
4326,长江,2
4324,长期,2
1873,尘埃,2
4322,长成,2
389,不合,2
334,万里,2
4351,阴影,2
429,不爱,2
895,共同点,2
3308,痛苦,2
2217,想家,2
3417,石油大学,2
419,不曾,2
2220,想念,2
422,不期而遇,2
4365,阿饭,2
1775,寄给,2
3006,浅浅,2
2827,桃花,2
3418,码字,2
881,公告,2
879,公务员,2
4135,轻轻地,2
3968,讨厌,2
432,不用,2
1021,初遇,2
876,八月,2
1700,学会,2
4367,陆芊梦,2
2472,敢不敢,2
436,不离,2
438,不算,2
2470,教育,2
3317,白羊,2
1503,大一,2
3270,男同学,2
3955,解忧,2
3524,签约,2
3310,癌症,2
3010,浙江大学,2
1693,季节,2
3880,萍水相逢,2
3015,浮华,2
3407,知否,2
3944,见面,2
2790,枫小梦,2
912,内向,2
1540,天上,2
396,不好,2
2530,无人,2
402,不弃,2
404,不得不,2
3515,第六,2
2215,想到,2
1813,小可爱,2
2531,无关,2
903,关雎,2
409,不恨,2
2481,整个,2
3316,白日梦,2
1015,初心,2
3207,王小久,1
3252,生活态度,1
3255,生长,1
3294,留齐,1
3285,画幅,1
3210,玩嘛,1
3284,画师,1
3283,画山,1
3258,田间,1
3211,玩法,1
3289,留下来,1
3286,画水,1
3209,玩乐,1
3257,用心,1
3254,生理,1
3253,生活费,1
3293,留言,1
3249,生有幸,1
3208,王爷,1
3335,盛唐,1
3295,番茄,1
3315,白开水,1
3326,白麦,1
3282,男青年,1
3259,申请,1
3238,甚是,1
3237,甘卫,1
3320,白衣天使,1
3222,现实生活,1
3321,白逆袭,1
3236,瓦解,1
3223,现象,1
3272,男女朋友,1
3268,男儿身,1
3311,白云,1
3328,百种,1
3322,白雪,1
3304,病患者,1
3225,班长,1
3235,璞玉,1
3309,痴心,1
3324,白马,1
3305,病情,1
3234,琐碎,1
3232,理疗,1
3306,痘痘,1
3231,理由,1
3327,百度,1
3325,白马王子,1
3230,理智,1
3228,理想,1
3229,理想主义者,1
3267,男儿,1
3329,百花齐放,1
3330,皎洁,1
3307,痛恨,1
3212,玩玩,1
3260,电台,1
3296,疑问,1
3245,生于,1
3244,生二胎,1
3261,电子厂,1
3243,生为,1
3314,白山黑水,1
3216,环游世界,1
3263,电脑,1
3217,环球旅行,1
3264,电视剧,1
3300,疲倦,1
3239,甜品,1
3242,甜蜜,1
3279,男症,1
3266,男们,1
3218,现代,1
3241,甜美,1
3219,现任,1
3220,现充,1
3301,疲惫,1
3302,疾病,1
3240,甜甜,1
3312,白云山,1
3303,疾风,1
3292,留影,1
0,..,1
3206,玉壶,1
2853,橙橙寒旭,1
2842,梦魇,1
2843,梧桐,1
2844,梧桐树,1
2845,梨安,1
2846,棉花,1
2847,棒棒糖,1
2848,森林,1
2849,植物,1
2850,榕树下,1
2856,欣喜,1
2839,梦见,1
2857,欣快,1
2859,欧洛辰,1
2860,欲望,1
2861,欲求,1
2862,欺骗,1
2863,歌歌,1
2864,歌者,1
2866,止损,1
2872,此一书,1
2840,梦醒,1
2838,梦游,1
2807,柿饼,1
2823,格格,1
2811,标题,1
2812,栈桥,1
2814,校友,1
2816,校园爱情,1
2817,校庆,1
2818,校服,1
2820,样样精通,1
2821,格子,1
2822,格式,1
2824,格理,1
2836,梦幻,1
2825,桂林,1
2826,桂花,1
2828,桃花开,1
2829,桑景晚,1
2830,档案,1
2831,桥梁,1
2832,梁为,1
2833,梅凉,1
2834,梢头,1
2873,此去,1
2874,此文,1
2876,武侠,1
2925,求遇,1
2912,水瓶,1
2914,水画,1
2915,水芷汀兰,1
2916,水里,1
2918,求主赐,1
2919,求凤,1
2921,求匿,1
2922,求同,1
2923,求生,1
2926,汇总,1
2878,歧坪,1
2927,汉城,1
2930,汉江,1
2931,汉滨区,1
2933,汕头,1
2934,江中,1
2936,江城,1
2937,江大,1
2938,江浙沪,1
2940,江畔,1
2911,水湖,1
2910,水流,1
2909,水木,1
2907,氧气,1
2879,死党,1
2880,死板,1
2881,死水,1
2882,死绝,1
2883,死耗子,1
2884,残页,1
2885,段子,1
2886,毁掉,1
2887,母胎,1
2890,每实,1
2891,每月,1
2893,毒品,1
2896,比翼鸟,1
2899,毕业生,1
2900,毕生,1
2902,民德,1
2903,民族,1
2904,民谣,1
2906,气馁,1
2809,标准,1
2806,柴米油盐酱醋茶,1
2944,沈中,1
2739,本命年,1
2728,未尽,1
2729,未必,1
2730,未恋,1
2731,未成年人,1
2734,未知,1
2735,未知数,1
2736,未见,1
2737,末傲,1
2738,本书,1
2740,朴智乔,1
2725,木风,1
2741,朵朵,1
2744,杂质,1
2745,李子,1
2746,李干,1
2747,李晨,1
2748,李白,1
2749,李秋水,1
2750,李茗,1
2751,李萝莉,1
2726,未卜,1
2724,木棉花,1
2805,柳穆秦,1
2706,有话要说,1
2689,有感而发,1
2692,有条,1
2693,有来生,1
2695,有毒,1
2696,有汉,1
2700,有白,1
2701,有种,1
2704,有缘千里,1
2705,有胆,1
2710,朋友圈,1
2723,木宋,1
2711,服装,1
2712,朝九晚五,1
2713,朝歌,1
2714,朝气,1
2716,期望,1
2717,期许,1
2718,木兮卿,1
2720,木堇子,1
2721,木头,1
2752,杏花春雨,1
2753,来世,1
2754,来个,1
2791,枯萎,1
2781,极度,1
2782,枕头,1
2783,林妹妹,1
2784,林子,1
2785,林小夕,1
2786,林木,1
2787,林深,1
2788,林清淼,1
2789,林芷若,1
2792,枸杞,1
2755,来临,1
2793,某先森,1
2794,某小编,1
2795,某年某月,1
2796,柒零后,1
2797,染病,1
2800,柠檬树,1
2802,柯北,1
2803,柳思霏,1
2804,柳橙,1
2780,极力,1
2779,板蓝根,1
2778,松鼠,1
2777,松子,1
2757,来会会,1
2758,来信,1
2759,来到,1
2760,来否,1
2761,来客,1
2762,来接,1
2763,来来来,1
2764,来玩个,1
2766,来福士,1
2767,来稿,1
2768,来而不往非礼也,1
2769,来袭,1
2770,杨三儿,1
2771,杨光达,1
2772,杨尼美,1
2773,杨杨,1
2774,杭城,1
2775,杭州,1
2776,杯酒,1
2943,沃田,1
2945,沈阳,1
3205,猿宵节,1
3124,照片,1
3106,点个,1
3108,点滴,1
3109,点赞,1
3111,烟台,1
3114,烟雨任,1
3116,烦躁,1
3117,烧酒,1
3118,烫金,1
3119,热泪盈眶,1
3126,煲汤,1
3104,炒鸡蛋,1
3127,熊文霞,1
3129,熬夜,1
3130,燕入,1
3131,燕园,1
3132,燕大,1
3133,燕子,1
3134,爆个,1
3136,爬山,1
3138,爱上你,1
3105,炫酷,1
3102,灼伤,1
3077,满满,1
3089,漳大,1
3079,滴滴,1
3081,漂泊,1
3082,漂流,1
3083,演员,1
3084,演讲比赛,1
3085,漫悦读,1
3086,漫漫,1
3087,漫画,1
3088,漫长,1
3090,潇洒,1
3100,灯谜,1
3091,潮汕,1
3092,澄中,1
3093,火星,1
3094,火树银花,1
3095,火速,1
3096,火锅,1
3097,灯下,1
3098,灯明,1
3099,灯火阑珊,1
3141,爱乐,1
3143,爱哭,1
3144,爱喝,1
3191,独缺,1
3180,狐狸,1
3181,狗蛋,1
3182,狠狠,1
3183,独一无二,1
3184,独处,1
3185,独家,1
3186,独择,1
3189,独立,1
3190,独立思考,1
3194,狭路相逢,1
3147,爱怜,1
3195,狮子,1
3196,狮子座,1
3197,狮子狗,1
3198,狸安,1
3199,狼狗,1
3200,猛虎,1
3201,猫猫,1
3202,猫言,1
3203,献上,1
3179,狂欢,1
3178,犹如,1
3177,状态,1
3176,犯错,1
3148,爱恨,1
3151,爱情观,1
3152,爱我吗,1
3153,爱理不理,1
3154,爱甜,1
3159,片段,1
3160,牙医,1
3161,牙疼,1
3162,牛人,1
3163,牡丹,1
3164,牢骚,1
3165,牧心,1
3166,物色,1
3167,物语,1
3168,牵手,1
3171,特暖,1
3173,特立独行,1
3174,特等,1
3175,犀利,1
3078,满足,1
3076,满江,1
2946,沈饭,1
2998,活该,1
2982,洒脱,1
2983,洗碗,1
2984,洗衣,1
2986,洛阳,1
2987,洛阳花,1
2988,洞庭湖畔,1
2989,洪荒,1
2990,活力,1
2993,活得,1
2999,派对,1
2980,泰山,1
3000,流光,1
3002,流苏,1
3003,流萤,1
3004,流逝,1
3005,流量,1
3007,浅辄止,1
3008,测试,1
3011,浪子,1
3013,浪费,1
2981,洁白,1
2979,泪光,1
3075,满天星,1
2964,没画,1
2947,沉池,1
2948,沉淀,1
2949,沉稳,1
2950,沉舟,1
2953,沐清,1
2954,沐阳,1
2955,沙哑,1
2956,沙滩,1
2961,没想到,1
2965,没见,1
2977,注定,1
2966,没道理,1
2967,没错,1
2968,沧海,1
2971,河南大学,1
2972,河工,1
2973,河职,1
2974,法律,1
2975,波大,1
2976,泥泞,1
3014,浪迹天涯,1
3016,浮躁,1
3017,海内,1
3061,温润,1
3047,清心,1
3050,清歌,1
3051,清水,1
3052,清秀,1
3053,清酒,1
3055,渐渐,1
3056,渡過,1
3057,温如,1
3058,温文尔雅,1
3062,温馨,1
3020,海南大学,1
3064,游戏,1
3065,游戏吧,1
3066,游荡,1
3067,渺小,1
3068,渺茫,1
3071,湖工,1
3072,湘伟,1
3073,湘大,1
3074,溪湖,1
3046,清安,1
3044,清仓,1
3043,深色,1
3042,深爱,1
3021,海堃,1
3022,海外,1
3023,海子,1
3024,海归,1
3025,海水,1
3026,海洋大学,1
3027,海洋学院,1
3028,海莲,1
3029,海边,1
3030,消失,1
3031,消除,1
3032,涓涓,1
3034,淘宝,1
3035,淡如水,1
3036,深圳,1
3037,深处,1
3038,深度,1
3040,深情款款,1
3041,深海,1
3338,目光,1
3646,绿色,1
3339,目前,1
4196,退伍兵,1
4160,这件,1
4161,这份,1
4162,这句,1
4163,这座,1
4167,这篇,1
4168,这辈子,1
4169,这锅,1
4170,这首,1
4171,进大一,1
4173,进步,1
4174,远嫁,1
4176,远隔,1
4177,连天,1
4178,连环,1
4179,连衣裙,1
4182,迟早,1
4183,迟来,1
4184,迟迟,1
4185,迷上,1
4188,迷途,1
4189,追到手,1
4190,追寻,1
4191,追星,1
4192,追梦,1
4193,追梦人,1
4159,这么久,1
4157,返乡,1
4156,近况,1
4136,辅仁,1
4123,身畔,1
4124,身边,1
4126,躲猫猫,1
4127,转行,1
4128,转角,1
4129,转身,1
4130,软妹,1
4131,软萌,1
4132,轻尘,1
4133,轻易,1
4134,轻轻,1
4137,辅助,1
4154,运动,1
4138,辍学,1
4139,辐射,1
4143,辰小夕,1
4144,边瑶,1
4145,辽东,1
4146,过千村,1
4147,过客,1
4148,过山画,1
4151,过法,1
4152,迎春花,1
4153,迎风,1
4195,追着,1
4197,退役军人,1
4121,身体,1
4198,送出,1
4236,遗书,1
4237,遗忘,1
4239,遥不可及,1
4240,遥遥,1
4241,遭到,1
4242,遭报应,1
4243,遭遇,1
4244,避着,1
4245,邀请,1
4246,邀请函,1
4248,那位,1
4249,那句,1
4250,那场,1
4252,那座,1
4253,那段,1
4254,那该,1
4255,邹小鑫,1
4256,郑大,1
4257,郑州,1
4258,郑工,1
4259,郑雨,1
4260,郴州,1
4261,都行,1
4262,鄂大,1
4263,鄱阳湖,1
4235,道歉信,1
4234,道歉,1
4233,道友,1
4214,逗号,1
4199,送来,1
4202,送达,1
4203,适不,1
4205,逃到,1
4206,逆旅,1
4207,逆着,1
4208,逆风,1
4209,选一人,1
4211,透露,1
4212,逐光,1
4213,逐福流,1
4215,逗比,1
4232,遍体鳞伤,1
4216,逗霸,1
4217,通往,1
4219,逛一逛,1
4220,逛展,1
4221,逛街,1
4223,逢君,1
4224,逸轩,1
4225,逻辑,1
4226,逼婚,1
4227,逼格,1
4228,逼迫,1
4122,身旁,1
4120,身为,1
4265,酒三交,1
4055,财务,1
4020,说点,1
4022,说说话,1
4023,说走就走,1
4025,请带,1
4026,请留步,1
4027,请问,1
4030,读者,1
4031,读过,1
4032,课堂,1
4033,课桌,1
4034,谁家,1
4035,调情,1
4036,调节,1
4038,谈一谈,1
4039,谈个,1
4040,谈得来,1
4042,谈谈,1
4043,谈谈情,1
4044,谋杀,1
4046,谢谢你们,1
4047,谦虚,1
4048,豆豆,1
4049,象牙塔,1
4050,豪放,1
4051,贝宁,1
4018,说完,1
4017,说出,1
4015,说予,1
3998,诗作,1
3984,证明,1
3985,评价,1
3986,评奖,1
3987,评比,1
3990,诉说,1
3991,诊断书,1
3993,试图,1
3994,试试,1
3995,试试看,1
3996,诗予,1
3997,诗人,1
3999,诗倪,1
4014,说不得,1
4000,诗友,1
4001,诗文集,1
4002,诗歌,1
4003,诗酒,1
4004,诚征,1
4006,话题,1
4009,语言艺术,1
4010,语音,1
4011,误以为,1
4012,误入,1
4013,说不出,1
4054,财专,1
4056,财大,1
4118,躁郁症,1
4057,财气,1
4090,起来,1
4091,起点,1
4092,超劲,1
4093,超好,1
4094,越到,1
4095,越离,1
4096,越走越远,1
4097,越远,1
4098,趣事,1
4101,足矣,1
4102,跌跌撞撞,1
4103,跑步,1
4104,跟你走,1
4105,跟我走,1
4106,跟着,1
4107,跨年,1
4108,跨越,1
4110,路人甲,1
4111,路漫漫其修远兮,1
4112,路边,1
4113,路过,1
4114,路途遥远,1
4115,跳下去,1
4116,跳舞,1
4117,踏青,1
4088,起个,1
4087,赵又廷,1
4086,走遍,1
4070,资深,1
4058,财经大学,1
4059,责任,1
4060,货车,1
4061,质疑,1
4062,质量,1
4063,贪欢,1
4064,贪玩,1
4066,贵阳,1
4067,贺年,1
4068,资格,1
4069,资格证,1
4071,赌气,1
4085,走进,1
4072,赐给,1
4073,赚钱,1
4074,赞之交,1
4075,赞歌,1
4076,赞赏,1
4077,赠与,1
4078,赠书,1
4079,赤子之心,1
4080,赤诚,1
4082,走散,1
4083,走来,1
4264,配对,1
4266,酒吧,1
3982,设计,1
4499,饭量,1
4466,领取,1
4468,领略,1
4470,频率,1
4471,频繁,1
4472,颜值,1
4474,颜菇,1
4475,颠沛流离,1
4476,颠覆,1
4477,风云录,1
4478,风像,1
4479,风儿,1
4480,风光,1
4481,风吹,1
4483,风度翩翩,1
4484,风情万种,1
4486,风月,1
4487,风流,1
4488,风采,1
4490,风野得,1
4491,风阴时,1
4493,风霜,1
4494,风风火火,1
4495,飞翔,1
4496,飞船,1
4497,飞针走线,1
4464,预告,1
4463,顿饭,1
4462,顾染,1
4442,静守己,1
4428,青春校园,1
4429,青梅,1
4430,青海,1
4431,青玉案,1
4432,青科,1
4433,青色,1
4434,青苔,1
4436,青衣,1
4438,靓玥淑君,1
4439,静候,1
4441,静如处子,1
4444,非喜,1
4460,顺眼,1
4446,靠窗,1
4447,靠边站,1
4448,靠近,1
4449,面前,1
4450,面包,1
4451,面基,1
4453,面朝,1
4454,面试,1
4455,韩武帝,1
4458,页面,1
4459,顺带,1
4498,飞雪,1
4500,饮与友,1
4422,青农,1
4501,饮否,1
4540,鸣椒,1
4541,鸳鸯,1
4542,麋哩,1
4543,麦子,1
4544,麦桔,1
4545,麦田,1
4546,麦蓝,1
4547,麦迪逊,1
4548,麻小馆,1
4549,麻烦,1
4550,麻辣,1
4551,黄埔,1
4552,黄昏,1
4553,黄焕,1
4554,黄笑,1
4555,黎斌,1
4556,黑吉,1
4557,黑夜,1
4558,黑白,1
4559,默冰,1
4560,默然,1
4561,鼓励,1
4562,齐帆齐,1
4564,龙画虎,1
4565,龙的传人,1
4539,鸡群,1
4537,鸡毛蒜皮,1
4536,鲸鱼,1
4515,马来西亚,1
4502,饮水,1
4503,首三,1
4504,首期,1
4505,首次,1
4506,首歌,1
4509,香茗,1
4510,香草,1
4511,马上,1
4512,马中,1
4513,马匹,1
4514,马新博,1
4516,驾着,1
4534,鲜有,1
4517,骄傲,1
4519,骗子,1
4520,骚年,1
4521,高三,1
4522,高中,1
4523,高中生,1
4526,高氏,1
4527,高端,1
4528,高级中学,1
4530,高高,1
4532,魔教,1
4427,青春岁月,1
4421,青丝,1
4267,酒来,1
4340,闯进,1
4303,链接,1
4304,销售,1
4305,锅汤,1
4306,锅锅,1
4308,锦瑟,1
4309,镐京,1
4310,镜头,1
4311,长不大,1
4313,长亭,1
4314,长假,1
4315,长发,1
4316,长夜,1
4319,长安街,1
4320,长年,1
4321,长得,1
4323,长春,1
4325,长歌,1
4327,长直,1
4329,长路,1
4330,长辈,1
4331,长长,1
4332,门票,1
4333,闪烁,1
4334,闪电,1
4336,问候,1
4302,铁钉,1
4301,铁血,1
4300,铁三角,1
4283,重来,1
4268,酒窝,1
4269,酷似,1
4270,酷得,1
4271,醉里,1
4272,采臣,1
4274,采访录,1
4275,里面,1
4276,重出江湖,1
4277,重大,1
4279,重心,1
4280,重拾,1
4284,重理,1
4299,钱包,1
4285,重生,1
4288,野花,1
4290,金不换,1
4291,金毛,1
4292,金色,1
4293,金风玉露,1
4294,金麟,1
4295,鉴定,1
4296,钟延年,1
4297,钟灵毓秀,1
4298,钦州,1
4337,问卷调查,1
4341,闲人,1
4420,霸王龙,1
4342,闲愁,1
4388,随手,1
4391,隐瞒,1
4392,难为,1
4393,难以忘怀,1
4394,难得,1
4395,难忘,1
4396,难画,1
4398,难题,1
4399,雄风,1
4400,雅俗,1
4401,雅安,1
4403,雅雅,1
4404,集结,1
4405,雌雄同体,1
4406,雨夜,1
4408,雪后,1
4409,雪国,1
4411,雪莲,1
4412,零點,1
4413,雾凇,1
4414,需不需要,1
4416,霍一帆,1
4417,霞宝,1
4418,露脸,1
4419,霸气,1
4387,随性,1
4383,隆回,1
4382,陷入,1
4359,阿班,1
4343,闲绕,1
4344,闲话,1
4345,间接,1
4346,间秀,1
4348,闻丁,1
4352,阻挡,1
4353,阻止,1
4354,阿哲,1
4356,阿枫,1
4357,阿柴,1
4358,阿然,1
4360,阿瓦,1
4381,陷于,1
4361,阿纸,1
4362,阿豆菇,1
4363,阿轩,1
4364,阿阿阿呆,1
4366,附上,1
4368,陈小希,1
4370,陈紫媚,1
4376,院校,1
4378,陪你到,1
4379,陶瓷,1
4380,陶石,1
3983,设计师,1
3980,论自黑,1
3340,目的,1
3600,终不,1
3567,糯米,1
3568,紅樓,1
3569,素意,1
3570,素白,1
3571,素面朝天,1
3572,紫色,1
3573,紫薇,1
3574,累得,1
3575,繁华世界,1
3576,纠葛,1
3578,红姐姐,1
3581,红樱树,1
3582,红粉知己,1
3583,红线,1
3584,红豆,1
3585,红酒,1
3586,约会,1
3587,约战,1
3588,约炮,1
3589,约见,1
3590,纪念册,1
3591,纪念品,1
3592,纪念日,1
3593,纯粹,1
3594,纳木错,1
3566,糟糕,1
3565,精通,1
3564,精选集,1
3547,算法,1
3531,简书学,1
3532,简书能,1
3534,简信,1
3536,简历,1
3538,简友们,1
3539,简友会,1
3540,简史,1
3541,简爱,1
3542,简笔,1
3543,简简单单,1
3545,简讯,1
3549,管理员,1
3563,精致,1
3550,篇文章,1
3551,篇简,1
3552,篮球,1
3553,篱落,1
3554,米粒,1
3555,米酒,1
3557,粉色,1
3558,粗暴,1
3560,精神分裂,1
3561,精神分裂症,1
3562,精神病,1
3597,纸质,1
3603,终将,1
3529,简书卖,1
3605,终点,1
3642,绵绵,1
3643,绿子,1
3644,绿柚,1
3645,绿海,1
2687,有意,1
3647,绿茶,1
3648,缅怀,1
3650,缔盟,1
3652,编辑,1
3653,缘东窗,1
3654,缘分,1
3658,缘生,1
3659,缘由,1
3660,缘聚,1
3662,缝隙,1
3663,缠绵,1
3664,缴纳,1
3665,缺一,1
3666,缺个,1
3667,缺乏,1
3668,缺点,1
3669,网友,1
3671,网络,1
3673,网页,1
3675,美人书,1
3640,维安,1
3639,维塔,1
3638,续写,1
3620,结业,1
3607,终结,1
3608,终老,1
3609,终身不忘,1
3611,经常,1
3612,经年,1
3614,经管,1
3615,经营,1
3616,经贸,1
3617,经院,1
3618,经验,1
3619,经验丰富,1
3621,结个,1
3636,统计,1
3622,结交,1
3624,结婚年龄,1
3625,结婚证,1
3627,绕道,1
3629,给筱筱,1
3630,绝不,1
3631,绝地,1
3632,绝境,1
3633,绝密,1
3634,绝望,1
3635,绝杀,1
3530,简书女,1
3528,简书会,1
3679,美校,1
3444,神经病,1
3399,睁眼,1
3401,睡眠,1
3402,睡觉,1
3403,睡醒,1
3404,瞒报,1
3406,矛盾,1
3408,知多少,1
3413,短文,1
3414,短歌,1
3415,短笺,1
3416,短诗,1
3420,砰然,1
3421,破处,1
3422,破泥,1
3423,砾沫晓儿,1
3427,碎念,1
3429,碰见,1
3430,示爱,1
3431,礼拜日,1
3434,社会,1
3435,社保,1
3436,社恐,1
3438,祈澈,1
3440,神奇,1
3441,神往,1
3397,眼神儿,1
3394,眼睁睁,1
3393,眼泪,1
3367,相顾,1
3341,目送,1
3342,盲青,1
3343,直挂,1
3344,直接,1
3350,相公,1
3351,相同,1
3353,相对,1
3356,相敬如宾,1
3358,相比,1
3360,相看,1
3366,相隔,1
3368,看一看,1
3391,眼倍,1
3370,看得懂,1
3371,看法,1
3374,看着,1
3375,看破红尘,1
3377,看遍,1
3378,看重,1
3380,看雪好,1
3381,真人,1
3384,真想,1
3385,真挚,1
3388,真相,1
3442,神棍,1
3445,祥云,1
3526,简书中,1
3447,福建,1
3488,笑纳,1
3489,笑话,1
3490,笑靥,1
3492,笔纸,1
3493,笔记本,1
3496,第一夜,1
3499,第一批,1
3502,第一步,1
3503,第一眼,1
3504,第一章,1
3505,第三,1
3506,第三天,1
3507,第二,1
3509,第二十,1
3510,第二十七,1
3511,第二期,1
3512,第二次,1
3513,第五,1
3514,第五年,1
3516,第四,1
3519,答疑,1
3520,答谢,1
3521,答辩,1
3522,筚路蓝缕,1
3523,签收,1
3487,笑一笑,1
3486,竹马,1
3485,童鞋,1
3466,秦始皇,1
3448,离不开,1
3449,离京,1
3450,离人歌,1
3452,离家出走,1
3455,离愁,1
3457,离风,1
3458,私信,1
3460,秋日,1
3461,种地,1
3462,科大,1
3465,秘籍,1
3467,秦歌,1
3483,竟然,1
3468,秭帝,1
3469,积极向上,1
3470,称道,1
3475,穷人,1
3476,空山,1
3477,空空,1
3478,穿堂风,1
3479,突然,1
3480,窈窕,1
3481,窈窕淑女,1
3482,立志,1
3676,美女,1
3680,美男子,1
3979,论战,1
3899,藤圈,1
3871,菏院,1
3872,菜花,1
3873,菜谱,1
3874,菲琴,1
3875,萌妹,1
3876,萌子,1
3877,萌新,1
3878,萌节,1
3879,萌萌琳,1
3881,萝卜,1
3882,落寞,1
3883,落月,1
3884,葡萄干,1
3885,董多肉,1
3886,葵花,1
3887,蓝天,1
3888,蓝柿,1
3889,蓝蓝,1
3890,蓝颜,1
3891,蓦然回首,1
3893,薄暮,1
3894,薄雾,1
3895,薛之谦,1
3896,薰衣草,1
3897,藏大,1
3869,莫问前程,1
3868,莫过于,1
3867,莫莉,1
3851,茶山,1
3838,苛刻,1
3839,苜蓿,1
3840,若梦,1
3841,若水,1
3842,若爱,1
3843,若能,1
3844,若雪,1
3846,苦短,1
3847,英俊,1
3849,茜茜公主,1
3850,茫茫人海,1
3852,茶艺,1
3866,莫忘,1
3853,荀椰,1
3854,草写,1
3856,草木,1
3857,草窗,1
3858,草铺,1
3859,荒唐,1
3860,荒芜,1
3861,荡漾,1
3862,药物,1
3863,药石,1
3865,莫小邪,1
3898,藏族,1
3900,虎妞,1
3836,苏溪羽,1
3901,虚情假意,1
3938,要酷,1
3939,见个面,1
3942,见证,1
3943,见过,1
3945,见面会,1
3946,观看,1
3947,规划,1
3948,规则,1
3949,视野,1
3950,视频,1
3952,觉得很有,1
3953,角落,1
3956,解析,1
3957,解答,1
3958,解语,1
3959,触发,1
3960,言筱妍,1
3964,认真负责,1
3965,认认真真,1
3969,讨好,1
3970,让你在,1
3974,记忆犹新,1
3975,讲台,1
3976,讲故事,1
3978,许一涵,1
3937,要素,1
3935,西风,1
3934,西译,1
3916,衰草,1
3902,虽散,1
3903,蝴蝶,1
3904,融化,1
3905,融过,1
3906,行人,1
3907,行动,1
3909,衣裳,1
3910,补交,1
3911,补充,1
3912,补给,1
3914,表达,1
3917,袈裟,1
3933,西瓜,1
3918,被子,1
3919,被渐,1
3921,裙摆,1
3922,裸聊,1
3924,西交,1
3925,西傲,1
3926,西北,1
3927,西医,1
3929,西城,1
3931,西柚,1
3932,西汉,1
3837,苏秦,1
3835,苏念,1
3683,美食节,1
3760,腿脚,1
3725,职得,1
3726,聒噪,1
3727,联中,1
3729,联盟,1
3731,联谊会,1
3732,聪聪,1
3733,背叛,1
3735,背影,1
3736,背着,1
3737,胖咪,1
3738,胖妞,1
3739,胖子,1
3740,胡不喜,1
3741,胡云不喜,1
3742,胡圣荣,1
3743,胡言乱语,1
3744,胡说,1
3745,胭肆,1
3747,胸怀,1
3748,能够,1
3749,能成,1
3751,脉脉,1
3754,脚边,1
3755,脱不离,1
3757,脱贫,1
3724,职场,1
3722,聊聊天,1
3720,聊得,1
3699,老姑娘,1
3684,羞于启齿,1
3685,羡慕,1
3686,羡煞,1
3688,群友,1
3689,群英,1
3691,羽西,1
3692,翱翔,1
3693,翻山越岭,1
3694,翻译,1
3695,翻阅,1
3698,老处女,1
3703,老是,1
3717,聊一聊,1
3705,老猫,1
3706,老虎,1
3707,老路,1
3708,老铁,1
3709,考拉,1
3711,考证,1
3712,考试,1
3713,耐心,1
3714,耳尺,1
3715,耳朵,1
3716,耿直,1
3759,腹黑,1
3761,自主,1
3834,苏师,1
3763,自动,1
3805,良师,1
3806,良师益友,1
3807,色彩,1
3809,艳阳,1
3810,艺之花,1
3811,艺人,1
3813,艺术设计,1
3815,芝初,1
3816,花儿,1
3817,花园,1
3818,花小笙,1
3819,花开,1
3820,花想容,1
3821,花无缺,1
3822,花枝,1
3823,花生,1
3824,花痴,1
3825,花白,1
3826,花花世界,1
3827,花茶,1
3828,花落,1
3829,芳菲尽,1
3830,芳踪,1
3831,苍中,1
3832,苏久骁,1
3803,船长,1
3802,航天,1
3801,舒服,1
3784,自诩,1
3765,自卑感,1
3766,自带,1
3768,自惊,1
3771,自我剖析,1
3772,自我感觉,1
3773,自报家门,1
3778,自留地,1
3779,自白,1
3780,自称,1
3781,自考,1
3783,自许,1
3786,臭味相投,1
3800,舍得,1
3787,臭屁,1
3788,至少,1
3789,至情至性,1
3790,致仅,1
3791,致墨儿,1
3792,致小满,1
3793,致敬,1
3794,致死,1
3795,致玉郎,1
3796,致罗子,1
3798,舍不得,1
2688,有感,1
2283,我够,1
2686,有心,1
923,再来,1
905,兴趣爱好,1
907,兵法,1
909,典例,1
911,兼得,1
913,内大,1
914,内容,1
916,内心独白,1
917,内有,1
919,内蒙古,1
920,内裤,1
921,冉依雪,1
922,再也,1
926,冒个,1
951,冰封,1
927,冒险,1
928,写下,1
934,写成,1
935,写文,1
937,写歌,1
938,写真,1
940,写花,1
941,写诗,1
943,军校,1
944,军绿色,1
947,农村,1
949,冬至,1
904,兴趣,1
902,关键期,1
901,关系,1
900,关照,1
866,全是,1
867,全球,1
868,全简书,1
869,全职,1
870,全面,1
872,八中,1
873,八十,1
874,八廓街,1
875,八方,1
877,八色,1
878,公交,1
882,公子,1
883,公布,1
884,公平,1
885,公开,1
886,公民,1
887,公积金,1
888,六七年,1
889,六宗,1
890,六年,1
891,六月份,1
892,六点,1
893,共勉,1
896,共同爱好,1
898,共度,1
950,冬青,1
952,冰山,1
1033,刹那,1
1008,刘海,1
990,出口,1
991,出头,1
993,出炉,1
994,出狱,1
997,刀北,1
998,分不清,1
1000,分分合合,1
1003,分界点,1
1004,分离,1
1005,划船,1
1006,列车员,1
1007,刘昊然,1
1009,刚刚,1
953,冰楠,1
1011,刚过,1
1013,初会,1
1019,初见,1
1020,初语,1
1022,删繁就简,1
1023,判若两人,1
1024,利用,1
1025,别介意,1
1026,别后,1
1027,别来无恙,1
1028,到处,1
1029,到头来,1
988,出去玩,1
986,出卖,1
985,出书,1
984,出世,1
954,冰雪,1
955,冰霜,1
956,冲出,1
957,决定,1
958,冷冷清清,1
960,冷漠,1
961,冷言雪,1
962,冻症,1
965,凉季,1
966,凉薄,1
967,凌云,1
968,减压,1
969,减肥,1
970,减轻,1
971,凑活,1
972,凑热闹,1
973,凝眸,1
975,几乎,1
976,几人,1
977,几件事,1
978,几天,1
979,几年,1
980,几百万,1
982,凤凰花开,1
983,凭空,1
864,全世界,1
862,入梦,1
861,入怀,1
760,体校,1
742,伤害,1
745,估计,1
747,伸手,1
748,似曾相识,1
751,但会,1
752,但愿,1
753,但菁,1
754,但行好事,1
755,但门,1
757,住房,1
758,体力,1
759,体力劳动,1
761,体裁,1
860,入得,1
763,何不,1
764,何事,1
766,何处寻,1
767,何必,1
769,何时能,1
770,何月,1
771,何许人也,1
773,余语,1
775,作伴,1
777,作怪,1
782,你会选,1
784,你家,1
741,传销,1
739,传染,1
737,会弹,1
736,会变,1
700,从小,1
701,从未见过,1
702,从来,1
703,他律,1
704,付出,1
705,付费,1
707,仙女下凡,1
709,代言,1
710,令人,1
711,以下,1
712,以书,1
713,以前,1
714,以北,1
715,以友,1
717,以情,1
718,以文,1
722,以茶,1
723,仪式,1
724,仲夏,1
725,仲裁,1
727,任务,1
729,伍大,1
730,众多,1
731,众生,1
732,众里,1
785,你来我往,1
786,你许,1
788,使出,1
828,偶像,1
832,催婚,1
833,催着,1
834,傲娇,1
835,傻子,1
836,傻小子,1
837,傻萌,1
838,儿子,1
839,允许,1
840,元夕,1
841,元宵节,1
842,元旦,1
843,元气,1
844,充实,1
845,充满,1
846,先到,1
848,先森,1
850,光年,1
851,光影,1
852,光怪陆离,1
854,光芒万丈,1
855,克制,1
856,克服,1
857,免费,1
858,兔子,1
859,党来,1
829,偶尔,1
827,健身运动,1
789,使用指南,1
826,健身,1
790,依兰,1
791,依兰县,1
794,依稀,1
795,依诺,1
796,依赖症,1
797,便当,1
799,便胜,1
800,俗不可耐,1
801,俘获,1
802,保护色,1
803,保温,1
804,信中,1
805,信任,1
807,信箱,1
808,修行,1
809,修行者,1
811,倔强,1
816,做好,1
817,做法,1
818,做爱,1
819,做盆友,1
821,做错,1
823,停下,1
824,健全,1
825,健谈,1
1032,到达,1
1035,前刚,1
697,介意,1
1255,吃货,1
1240,可怕,1
1241,可期,1
1242,可栖,1
1244,可甜,1
1246,可识,1
1247,可逗,1
1248,台湾,1
1249,右手,1
1250,叶子,1
1251,叶小合,1
1253,号召,1
1254,司机,1
1257,各位朋友,1
1279,同行,1
1258,各取所需,1
1259,合同,1
1260,合工大,1
1261,合群,1
1262,合肥,1
1265,吉他,1
1266,吉首,1
1269,同城会,1
1272,同怀视,1
1274,同桌,1
1275,同步,1
1277,同类,1
1237,可可西里,1
1236,可可,1
1235,可亲,1
1234,可不可以,1
1198,取名,1
1199,取悦,1
1200,取暖,1
1201,取消,1
1206,变现,1
1207,变质,1
1209,口语,1
1210,古今,1
1211,古代人,1
1212,古典,1
1213,古城,1
1214,古灵精怪,1
1215,古稀,1
1216,古筝,1
1217,古道,1
1218,古都,1
1221,另一只,1
1222,另有其,1
1223,叩首,1
1225,只会,1
1226,只取,1
1227,只够,1
1230,只缘,1
1231,只败,1
1232,只道,1
1278,同胞,1
1280,同袍,1
1038,前妻,1
1346,品尝,1
1330,周筱姐,1
1331,周而,1
1332,周边,1
1333,呱呱,1
1334,味道,1
1335,呼和浩特,1
1337,命是,1
1338,咔姬,1
1342,咨询,1
1343,咫尺,1
1344,咸贼,1
1345,咸鱼,1
1347,哈工大,1
1281,同道,1
1348,哥们,1
1350,哪几个,1
1351,哪种,1
1352,哪见,1
1353,唐山,1
1354,唐朝,1
1355,唠叨,1
1356,唯一,1
1357,唯愿,1
1358,唱歌跳舞,1
1359,商校,1
1360,啸鸣,1
1329,周游世界,1
1328,周年,1
1327,周岁,1
1321,告别,1
1284,名校,1
1288,后妈,1
1290,后来,1
1291,后续,1
1292,后萌,1
1293,后辣妈,1
1295,向光明,1
1298,吓退,1
1299,君住,1
1301,君初,1
1303,君子之交淡如水,1
1304,君子好逑,1
1305,君悦容,1
1306,君王,1
1307,含蓄,1
1308,听君,1
1309,听听,1
1310,听得懂,1
1311,听见,1
1313,听音,1
1314,启事,1
1315,吴一,1
1316,吴孟达,1
1317,吴彦祖,1
1319,吹拉弹唱,1
1196,发现自己,1
1194,发烧,1
1193,发消息,1
1095,十几年,1
1083,北风,1
1084,医医,1
1085,医学,1
1086,医学生,1
1087,医生,1
1088,十七分,1
1089,十万,1
1090,十九,1
1091,十二,1
1092,十五,1
1093,十余,1
1094,十八般武艺,1
1096,十名,1
1192,发梢,1
1098,十年寒窗,1
1099,十月十日,1
1103,千万遍,1
1104,千千万万,1
1107,升本,1
1108,升职,1
1109,午夜,1
1110,午安,1
1111,半世,1
1112,半仙,1
1113,半壶,1
1114,半夏,1
1082,北航,1
1081,北科,1
1080,北电,1
1079,北海,1
1041,前端,1
1043,前进,1
1044,剥夺,1
1045,剩女,1
1046,剪掉,1
1049,办理,1
1052,加身,1
1053,务实,1
1054,务必,1
1055,动不动,1
1056,动听,1
1057,动如脱兔,1
1058,动漫,1
1059,动物,1
1061,助理,1
1063,劳动,1
1064,劳魂,1
1065,势如,1
1068,勉强,1
1069,勤快,1
1070,勤恳,1
1071,包容,1
1072,包裹,1
1076,北华,1
1077,北斗星,1
1115,半夜,1
1118,半生,1
1120,华丽,1
1154,卧底,1
1156,即将,1
1157,却误,1
1158,厂花,1
1159,厅堂,1
1160,历史,1
1161,历尽沧桑,1
1162,厉害,1
1165,厚脸皮,1
1167,原动力,1
1171,厨房,1
1172,去世,1
1173,去向,1
1174,去往,1
1175,县城,1
1176,参与,1
1177,参加,1
1179,及时,1
1181,友爱,1
1182,友自,1
1183,友谊,1
1186,双性恋,1
1187,反正,1
1188,发了,1
1190,发帖子,1
1191,发总,1
1155,印象,1
1153,卡拉,1
1121,华侨大学,1
1152,卡夫卡,1
1122,协会,1
1123,单独,1
1124,单眼皮,1
1128,南京中医药大学,1
1129,南京师范大学,1
1130,南区,1
1131,南华,1
1132,南卿,1
1133,南岳,1
1134,南工,1
1135,南工院,1
1136,南师,1
1137,南希,1
1138,南开,1
1139,南得,1
1141,南方人,1
1142,南昌,1
1143,南昌大学,1
1144,南美,1
1145,南美洲,1
1146,南诏,1
1147,南边,1
1149,博士生,1
1150,博物馆,1
1151,卡兰诺,1
699,从始至终,1
695,今年夏天,1
1363,喉咙,1
236,一夜,1
213,一人过,1
214,一件,1
218,一八,1
219,一凡,1
221,一匹,1
222,一千公里,1
223,一千零一夜,1
224,一发,1
227,一台,1
228,一同,1
232,一坛,1
234,一壶,1
237,一大,1
267,一根,1
240,一姐,1
242,一家,1
243,一对,1
247,一小,1
248,一屋,1
250,一度,1
252,一张,1
253,一往而深,1
256,一文,1
257,一无所有,1
258,一时,1
260,一木一,1
211,一二,1
210,一事无成,1
209,一买个,1
206,一个五十岁,1
174,ing,1
175,lekli,1
176,les,1
177,lolita,1
178,lovable,1
179,lue,1
180,mate,1
181,meet,1
184,say,1
185,smile,1
186,soul,1
188,star,1
189,sunnee,1
190,szq,1
192,three,1
193,to,1
194,we,1
195,wifi,1
196,xx,1
197,you,1
200,一下下,1
201,一下子,1
202,一不归人,1
203,一世,1
204,一丝不挂,1
262,一朵,1
268,一棵,1
356,上学,1
337,三千,1
324,七月,1
325,七秒,1
326,七米,1
327,七群,1
328,万元,1
329,万千,1
330,万安,1
331,万水千山,1
332,万种风情,1
333,万能,1
335,万重山,1
336,三两天,1
338,三只,1
269,一次,1
339,三叶草,1
340,三吉,1
341,三周,1
342,三天,1
343,三尺,1
344,三峡,1
346,三月,1
347,三本,1
348,三楼,1
349,三次,1
350,三步,1
352,三蛋,1
323,七成,1
322,七情六欲,1
321,七彩,1
317,七哥,1
272,一波风,1
273,一滴水,1
276,一片冰心,1
282,一程,1
283,一笑,1
284,一笑置之,1
286,一笺,1
289,一粒,1
292,一罐,1
294,一花,1
295,一袭,1
296,一见如故,1
297,一见钟情,1
298,一角,1
301,一身,1
303,一遇,1
305,一阵风,1
307,一顿饭,1
310,一首歌,1
311,一鸣,1
312,丁壮壮,1
313,丁小言,1
314,丁小谢,1
315,七七七,1
316,七号,1
169,glimmer,1
167,friends,1
166,friend,1
66,5.14,1
42,20000,1
44,20170826,1
46,2019,1
56,29,1
58,318,1
59,350,1
60,365,1
61,38,1
62,4000,1
63,432,1
64,47,1
65,48,1
67,5.20,1
165,fifty,1
68,50,1
69,52,1
71,521,1
73,79,1
75,800,1
76,87,1
78,89,1
85,96,1
87,98,1
90,99.8%,1
91,999,1
92,ACE,1
40,1997,1
39,19,1
38,189,1
36,185,1
3,006,1
4,007,1
6,014,1
7,019,1
8,02,1
9,021,1
10,023,1
12,031,1
13,04,1
14,05,1
15,06,1
16,07,1
17,08,1
18,09,1
19,1%,1
22,10000,1
23,10cm,1
25,1111,1
29,15,1
30,157,1
31,164,1
32,17,1
33,170,1
34,179,1
35,183,1
94,BB,1
95,BUG,1
96,Beckyzhang,1
131,NO,1
133,Nap,1
134,Nice,1
135,PK,1
136,PS,1
137,Riemann,1
139,Rose,1
140,Sugar,1
144,Tree,1
145,VC,1
146,XX,1
147,YES,1
148,You,1
149,angkee,1
150,are,1
152,be,1
153,blingbling,1
156,boyfriend,1
157,bug,1
158,call,1
159,chc,1
160,ci,1
161,coder,1
162,cp,1
163,cruel,1
164,dodolook,1
132,NO.13,1
130,NA,1
97,Biu,1
127,Maggie,1
98,Blue,1
99,Boy,1
100,COS,1
101,Can,1
102,Cherry,1
103,Cynthia,1
104,Darwin,1
105,David,1
106,Dinosauria,1
107,Ds,1
108,Easy,1
109,End,1
110,HI,1
111,HJC,1
112,HOW,1
113,Hello,1
118,II,1
119,IT,1
120,Jack,1
121,Jessica,1
122,KTV,1
123,Kafka,1
124,LOL,1
125,LOVE,1
126,MY,1
354,三顺,1
357,上岸,1
692,人面,1
593,乱七八糟,1
572,九道,1
573,九院,1
575,也许,1
576,习作,1
577,习惯,1
578,习酒,1
579,乡村,1
585,书城,1
587,书海,1
589,书香,1
591,买房,1
592,买车,1
599,事物,1
615,二次元,1
600,二三,1
602,二人,1
603,二代,1
604,二十七年,1
605,二十五块,1
606,二十五岁,1
607,二十五年,1
608,二十余年,1
609,二十六岁,1
610,二十四年,1
612,二号,1
613,二战,1
571,九群,1
570,九寨,1
569,九天揽月,1
568,九十年代,1
537,之交,1
538,之人,1
539,之佛系,1
540,之初,1
541,之前,1
542,之力,1
543,之南,1
544,之友,1
545,之名,1
547,之恋,1
548,之感,1
550,之润,1
551,之约,1
552,之路,1
553,之遇,1
555,之际,1
557,乐中,1
558,乐乐,1
559,乐于,1
560,乐园,1
561,乐意,1
562,乐文,1
564,乐趣,1
566,乘月,1
567,九五,1
614,二楠,1
616,二选,1
358,上帝,1
672,人事,1
653,交了,1
654,交人,1
659,交流,1
661,交通,1
662,交道口,1
663,产后,1
665,亭玉子,1
666,亲亲,1
667,亲们,1
668,亲吻,1
670,人丑,1
671,人中,1
675,人去,1
617,亏欠,1
676,人后,1
677,人坏,1
678,人大,1
679,人山人海,1
681,人来疯,1
682,人民币,1
684,人潮,1
686,人称,1
687,人站,1
688,人群,1
690,人间烟火,1
691,人际,1
652,交个友,1
650,亚欣,1
649,井底,1
648,五道口,1
619,云俏,1
622,云帆济,1
623,云开月,1
624,云想,1
625,云散,1
626,云曦,1
627,云淡风轻,1
628,云烟,1
629,云端,1
630,云顶,1
631,互关,1
632,互换,1
633,互相,1
635,互联网,1
636,互补,1
637,五一,1
638,五一节,1
639,五六次,1
640,五几,1
642,五月,1
643,五洋,1
644,五溪,1
645,五百年,1
646,五福,1
647,五行,1
536,之乡,1
535,之乐,1
534,之中,1
420,不服气,1
401,不幸,1
403,不当,1
405,不得了,1
406,不必,1
407,不忘,1
408,不快,1
412,不抵,1
413,不招,1
414,不收,1
416,不断,1
417,不早,1
418,不曼丽,1
421,不期而至,1
533,之上,1
424,不止,1
425,不正,1
426,不正经,1
427,不求刎,1
428,不热,1
430,不爱酸,1
431,不甘,1
433,不留,1
434,不相离,1
437,不称职,1
439,不粉,1
440,不肯,1
400,不已,1
399,不孝,1
398,不嫩,1
395,不太乖,1
359,上架,1
361,上海师范大学,1
362,上海财经大学,1
363,上火,1
366,上进心,1
367,上饶,1
368,下个,1
369,下场,1
370,下课,1
371,下车,1
372,下雪,1
373,不乏,1
374,不乖,1
376,不以,1
377,不休,1
380,不便,1
381,不停,1
384,不务正业,1
385,不厌,1
387,不可,1
388,不可理喻,1
390,不同,1
391,不善,1
392,不喜,1
393,不多见,1
441,不背,1
445,不见,1
446,不该,1
493,两棵树,1
495,两步,1
497,严肃,1
499,个人简介,1
500,个友,1
501,个性,1
502,丫头,1
504,中医药,1
506,中南,1
509,中工,1
510,中带,1
512,中年人,1
514,丰沛,1
515,临中,1
516,临安,1
517,临时工,1
518,临沂,1
519,为介,1
520,为伴,1
521,为生,1
524,主播,1
525,主管,1
528,举杯,1
530,义工,1
531,义气,1
532,义琳,1
494,两次,1
492,两性,1
447,不语,1
490,两处,1
448,不说,1
449,不谈,1
451,不赏,1
453,不远处,1
456,不醉,1
457,不错,1
458,不靠,1
459,与众不同,1
461,丑苗,1
464,专升本,1
466,专科,1
470,世事,1
471,世故,1
473,世界末日,1
475,东中,1
476,东九区,1
477,东京,1
479,东北大学,1
480,东南大学,1
482,东高,1
483,丝带,1
484,丝绒,1
485,丝语,1
488,两千多个,1
489,两周年,1
1361,善变,1
1364,喜乐,1
2683,有场,1
2235,意愿,1
2216,想取,1
2218,想开,1
2219,想当,1
2222,想法,1
2223,想着,1
2224,想考,1
2226,想见,1
2227,想谈,1
2229,惶恐,1
2230,意中人,1
2231,意义,1
2233,意志,1
2236,意磬,1
2264,懒鱼,1
2238,愚园,1
2239,感兴趣,1
2240,感动,1
2241,感受,1
2242,感君,1
2244,感悟,1
2247,感言,1
2248,感读,1
2250,愿一试,1
2254,愿得,1
2258,愿遇,1
2260,慢慢来,1
2214,想伴,1
2213,想于,1
2212,想不到,1
2211,惟愿,1
2173,恋人,1
2175,恋爱观,1
2176,恍恍惚惚,1
2177,恐惧症,1
2179,恭喜,1
2180,恰似,1
2181,恰好,1
2182,悄然,1
2183,悍妇,1
2184,悔改,1
2185,悠悠,1
2188,您好,1
2189,悬疑,1
2190,悲伤,1
2191,悸动,1
2193,情人,1
2195,情仇,1
2197,情况,1
2200,情愿,1
2201,情永在,1
2203,情绪,1
2204,情色,1
2207,情趣,1
2208,情长,1
2210,惊寒,1
2263,懒得,1
2265,懦弱,1
2345,找我聊,1
2325,扎根,1
2310,手手,1
2311,手折,1
2312,手摸,1
2313,手札,1
2315,手机游戏,1
2316,手照,1
2317,手织,1
2318,手绘,1
2319,手续,1
2320,手里,1
2322,才女,1
2324,才气,1
2326,打个招呼,1
2267,成大器,1
2327,打人,1
2329,打听,1
2330,打声,1
2331,打扑克,1
2332,打胎,1
2334,执手,1
2335,执著,1
2336,扩列,1
2337,扪心自问,1
2338,扬州,1
2340,找人,1
2341,找出,1
2309,手小阿鑫,1
2308,手写,1
2307,所起,1
2306,所学,1
2268,成家,1
2269,成悦,1
2270,成悦阁,1
2271,成照,1
2273,成电,1
2274,成疾,1
2275,成立,1
2276,成绩,1
2279,我之于,1
2281,我住,1
2282,我养,1
1,......,1
2284,我妈,1
2285,我姓,1
2289,我想,1
2292,我点,1
2294,我爸,1
2295,我用,1
2296,我画,1
2297,我能,1
2299,我见,1
2301,我读,1
2302,戒掉,1
2304,战场,1
2305,房租,1
2172,总要,1
2171,总结,1
2170,总看,1
2077,徒步,1
2062,很坏,1
2064,很多年,1
2066,很小,1
2067,很少,1
2068,很差,1
2069,很惨,1
2070,很爱笑,1
2071,很近,1
2073,很长,1
2074,很难,1
2075,徐丹妮,1
2076,徐林,1
2078,得与失,1
2168,总有,1
2079,得罪,1
2080,徘徊,1
2081,微不足道,1
2082,微凉,1
2083,微博,1
2085,微山湖,1
2086,微晴书,1
2087,微沫,1
2088,微电子,1
2090,微风,1
2091,德廉美,1
2095,心似,1
2061,很傻,1
2060,很久,1
2059,很丧,1
2058,很丑,1
2022,张杰,1
2023,张牙舞爪,1
2024,张诺,1
2026,弹琴,1
2030,归林,1
2031,当下,1
2032,当以,1
2034,当初,1
2035,当家的,1
2037,当归,1
2038,当成,1
2039,当自觅,1
2040,当铺,1
2042,彪悍,1
2044,役北,1
2045,彻底,1
2046,彼此之间,1
2047,往后,1
2048,征个,1
2049,征儿,1
2053,征文活动,1
2054,征集,1
2055,待嫁,1
2056,待字闺中,1
2057,待领,1
2096,心倩,1
2098,心士,1
2099,心头,1
2136,忘却,1
2138,忘掉,1
2139,忘记,1
2140,忙不过来,1
2141,忠于,1
2142,忧虑,1
2144,快到,1
2145,快播,1
2146,快点,1
2147,快要,1
2148,忽明忽暗,1
2149,怀念,1
2150,怀揣,1
2151,怀疑,1
2152,怀院,1
2153,怎么回事,1
2154,怎么弄,1
2155,怎敢,1
2156,怕冷,1
2157,怜悯,1
2158,思君,1
2159,思念,1
2160,思春,1
2161,思维,1
2163,怦然,1
2165,性情中人,1
2137,忘忧,1
2135,忘别,1
2100,心子,1
2134,忘书,1
2101,心底,1
2102,心态,1
2105,心有,1
2107,心灵手巧,1
2108,心爱,1
2109,心理,1
2110,心理医生,1
2111,心理学系,1
2112,心目,1
2114,心结,1
2115,心胸,1
2116,心血来潮,1
2117,心语,1
2118,心路历程,1
2119,心酸,1
2121,必有,1
2122,必然,1
2123,必用,1
2124,必许,1
2125,必须,1
2126,忆忆,1
2128,忍受,1
2130,志同道合者,1
2131,志趣相投,1
2132,忘不了,1
2343,找对象,1
2346,找趣,1
2020,张得,1
2572,旧影,1
2554,无肉,1
2555,无话可说,1
2556,无趣,1
2558,无锡,1
2559,无问,1
2561,无颜,1
2562,既萌,1
2565,日出日落,1
2566,日后,1
2568,日日夜夜,1
2569,日本早稻田大学,1
2571,日记,1
2573,早上,1
2591,明中,1
2574,早些,1
2575,早安,1
2577,时代,1
2579,时光荏苒,1
2580,时分,1
2581,时刻,1
2582,时尚,1
2584,时空,1
2585,时见,1
2586,时遇,1
2588,时青言,1
2589,昌大,1
2553,无用,1
2552,无澜,1
2551,无法自拔,1
2548,无智,1
2508,新年,1
2510,新手,1
2511,新春,1
2512,新泰,1
2513,新生,1
2515,新种,1
2516,新郎,1
2517,方向,1
2520,方面,1
2521,旁观者,1
2522,旅人,1
2523,旅游,1
2524,旅程,1
2526,旅途,1
2527,旗帜,1
2528,无业,1
2529,无主,1
2533,无医,1
2534,无地,1
2535,无处,1
2536,无尽,1
2537,无性,1
2538,无性婚姻,1
2543,无所不能,1
2545,无敌,1
2590,昌平区,1
2594,明媚,1
2347,承宣,1
2661,最强,1
2643,晴空,1
2644,智障,1
2646,暴雪,1
2647,暴露,1
2648,暴食,1
2649,曲师,1
2650,曲阜,1
2652,更新,1
2654,曾经沧海,1
2655,替南絮写,1
2656,最会,1
2657,最合适,1
2663,最深,1
2596,明知,1
2666,最老,1
2669,最难求,1
2670,最静,1
2671,月儿,1
2672,月光,1
2673,月入,1
2674,月全食,1
2675,月末,1
2679,有位,1
2680,有何不可,1
2681,有厌,1
2682,有君,1
2642,晴时,1
2641,晴子,1
2639,晴后,1
2638,景漓,1
2597,易小加,1
2598,易觉,1
2599,星城煲,1
2601,星星,1
2602,星空,1
2604,春光,1
2605,春城,1
2607,春天里,1
2608,春日,1
2611,春色,1
2613,春花,1
2622,晒照,1
2623,晓多,1
2624,晓末,1
2625,晚上,1
2626,晚丽,1
2628,晚晴,1
2630,晚霞,1
2631,晨曦,1
2632,普普通通,1
2633,普通,1
2634,普通人,1
2635,普通话,1
2636,普遍,1
2637,景德镇,1
2507,新华,1
2506,新区,1
2503,斯世,1
2403,挥之不去,1
2389,拿捏,1
2390,持有,1
2391,挂科,1
2393,指如,1
2394,指导,1
2395,指尖,1
2397,指日可待,1
2398,指间,1
2399,挑一,1
2400,挑灯,1
2401,挡住,1
2402,挣扎,1
2404,挪威,1
2502,斜阳,1
2406,捉奸,1
2408,捕梦灯,1
2409,损友,1
2410,捡了个,1
2411,掌纹,1
2412,排名,1
2415,接龙,1
2416,控们,1
2417,控制,1
2418,推出,1
2419,推理,1
2420,推给,1
2388,拾荒者,1
2387,拾笔,1
2386,拯救,1
2385,择校,1
2348,承认,1
2350,抉择,1
2351,把握,1
2352,把酒,1
2357,抖音,1
2359,护资,1
2360,报到,1
2361,报道,1
2362,披上,1
2363,抱抱,1
2364,抱歉,1
2365,抵御,1
2366,抵达,1
2367,拂面,1
2368,担心,1
2369,拉图,1
2370,拉萨,1
2372,拍砖,1
2374,拓展,1
2375,拖延,1
2378,招呼,1
2379,招展,1
2380,拜师,1
2382,拥挤,1
2384,择一城,1
2422,推送,1
2424,提笔,1
2425,提醒,1
2464,故地,1
2467,教书,1
2468,教学,1
2471,敞开,1
2473,敢于,1
2474,敢写,1
2475,敢接,1
2476,散人,1
2477,散场,1
2478,敬亭山,1
2479,敬献,1
2480,敬礼,1
2482,整整,1
2483,整洁,1
2484,文之家,1
2485,文人,1
2486,文化,1
2488,文好,1
2491,文学社,1
2492,文末,1
2493,文武双全,1
2494,文海,1
2495,文短,1
2499,文采,1
2500,文集,1
2501,斑驳,1
2465,故宫,1
2462,故事会,1
2426,提问,1
2460,政法,1
2427,握个,1
2428,揭秘,1
2429,揭阳,1
2430,搞笑,1
2431,搬家,1
2432,搭配,1
2433,携手,1
2435,摄影师,1
2436,摆渡,1
2437,摇情,1
2438,摩羯座,1
2440,撰写,1
2443,支招,1
2444,支教,1
2446,收录,1
2447,收效甚微,1
2449,改变命运,1
2450,改掉,1
2452,放下,1
2453,放假,1
2454,放在,1
2456,放手,1
2457,放生,1
2458,放荡不羁,1
2459,放飞,1
2021,张晓,1
2019,张大,1
1367,喜马拉雅,1
1586,奇迹,1
1570,太烈,1
1571,太穷,1
1572,太空,1
1574,太难,1
1575,夫书,1
1576,失业,1
1577,失恋,1
1578,失眠,1
1579,失落,1
1583,奇奇,1
1584,奇怪,1
1585,奇葩,1
1587,奇遇,1
1612,奶奶,1
1588,奇遇记,1
1590,奔跑,1
1591,奢侈品,1
1592,奢望,1
1593,女主,1
1595,女儿,1
1597,女同学,1
1598,女婿,1
1603,女性朋友,1
1605,女汉纸,1
1606,女流氓,1
1610,女蛙,1
1569,太湖,1
1568,太好,1
1567,太原,1
1566,太像,1
1531,大胖,1
1532,大花,1
1533,大苏,1
1534,大萝卜,1
1536,大连,1
1537,大都市,1
1538,大黄,1
1541,天下,1
1543,天光,1
1544,天南地北,1
1545,天南海北,1
1546,天后,1
1547,天地间,1
1549,天宇,1
1550,天才,1
1552,天气,1
1555,天涯海角,1
1556,天涯若比邻,1
1557,天真,1
1559,天秤座,1
1560,天空,1
1561,天蝎,1
1563,天边,1
1564,天黑,1
1565,太久,1
1611,女郎,1
1615,好了吗,1
1701,学区,1
1677,媳妇,1
1662,姑凉,1
1664,姑婆,1
1665,委屈,1
1667,威斯康星大学,1
1668,娃娃,1
1669,娇娇女,1
1670,娇辣爹,1
1671,娜娜,1
1672,婚后,1
1673,婚外恋,1
1675,婷婷,1
1676,媒体,1
1678,媳妇儿,1
1616,好些,1
1679,嫁个,1
1682,嫣然,1
1683,子虚乌有,1
1684,孔子,1
1686,存在,1
1687,存款,1
1688,孝顺,1
1689,孟宇,1
1690,孟小满,1
1691,孟浪,1
1695,孤岛,1
1697,孤立,1
1661,姐送,1
1660,姐弟恋,1
1654,妹夫,1
1653,妳在,1
1617,好人,1
1620,好听,1
1621,好多遍,1
1623,好想,1
1624,好感,1
1625,好时光,1
1627,好的开始,1
1630,好难,1
1631,如书,1
1633,如何是好,1
1635,如君,1
1636,如意,1
1637,如星君,1
1638,如晤,1
1639,如火,1
1641,如相问,1
1642,如舟,1
1643,如花,1
1644,如酒,1
1646,如风,1
1647,如鹿,1
1648,妇女,1
1650,妈宝,1
1651,妖孽,1
1652,妩媚,1
1530,大胆,1
1529,大笑,1
1528,大理,1
1425,地头,1
1411,圆满,1
1412,圆脸,1
1413,圈里,1
1414,土木,1
1415,土耳其,1
1416,土豆,1
1417,土豪,1
1418,圣兽,1
1420,在场,1
1421,在外,1
1423,在意,1
1424,在线,1
1427,地梦到,1
1527,大片,1
1428,地活,1
1429,地爱,1
1430,地狱,1
1431,地球,1
1432,地球村,1
1433,地笑,1
1434,地迎,1
1435,坍塌,1
1436,坏人,1
1437,坏话,1
1439,坑货,1
1440,坚守,1
1410,圆滑,1
1407,国风,1
1405,国境,1
1404,国企,1
1368,喝一杯,1
1369,喝酒,1
1370,嗷嗷待哺,1
1371,嘉兴,1
1372,嘴上,1
1373,嘴巴,1
1374,四夕,1
1375,四大,1
1377,四岁,1
1381,四海为家,1
1382,四点,1
1383,四线,1
1384,回事,1
1386,回到,1
1387,回南柏舟,1
1390,回家吧,1
1392,回望,1
1394,回眸,1
1395,回给,1
1397,回首,1
1398,团子,1
1400,困境,1
1401,困扰,1
1402,围观,1
1403,国人,1
1442,坚持下去,1
1443,坦白,1
1445,城镇,1
1485,多岁,1
1491,多点,1
1492,多言,1
1493,多面,1
1494,夜夜,1
1495,夜归人,1
1497,夜深人静,1
1498,夜班,1
1499,夜聊,1
1500,夜色,1
1501,夜跑,1
1502,夜里,1
1505,大二,1
1506,大全,1
1507,大冒险,1
1508,大到,1
1510,大哥,1
1511,大国,1
1513,大好河山,1
1514,大妈,1
1515,大姑娘,1
1517,大学校园,1
1519,大宣中,1
1520,大家庭,1
1521,大年三十,1
1522,大开,1
1488,多愁善感,1
1484,多少度,1
1446,堆雪人,1
1483,多好,1
1447,增添,1
1448,墨尔本大学,1
1449,墨香,1
1450,壮族,1
1452,壹米,1
1454,处女座,1
1455,备战,1
1456,备胎,1
1457,复古,1
1459,复旦,1
1460,复旦大学,1
1461,复杂,1
1462,复盘,1
1463,复苏,1
1464,夏光,1
1465,夏夕颜,1
1466,夏意,1
1467,夏萧兮,1
1469,外想,1
1471,外貌,1
1472,夙愿,1
1474,多久,1
1476,多余,1
1477,多出,1
1478,多半,1
1698,孤身一人,1
1702,学医,1
2018,张可甜,1
1916,工资,1
1901,岳谬,1
1902,峰峰,1
1904,川农,1
1905,川北,1
1906,川崎,1
1907,川理,1
1908,巢湖,1
1909,巢院,1
1911,工商大学,1
1913,工程,1
1914,工程学院,1
1915,工程师,1
1917,左右,1
1935,师傅,1
1918,左手,1
1919,巨人,1
1920,巨蟹,1
1923,已春,1
1924,已有,1
1925,已约够,1
1927,巴黎,1
1928,市场,1
1929,布依族,1
1930,布布,1
1931,布政使,1
1932,布本木,1
1900,岛上,1
1898,岁北,1
1897,山阴,1
1896,山间,1
1862,小青,1
1863,小飞,1
1865,小鱼儿,1
1868,少年郎,1
1869,少时,1
1870,少爷,1
1871,少走弯路,1
1872,尖儿,1
1874,尘海,1
1875,尚好,1
1876,尝尝,1
1878,就别,1
1879,就行了,1
1880,就让,1
1881,尽倾,1
1882,尽兴,1
1883,尽头,1
1884,尽如人意,1
1885,居士,1
1886,展会,1
1888,属性,1
1889,山上,1
1891,山医,1
1893,山水,1
1895,山里,1
1933,布达拉宫,1
1937,师承,1
1703,学姐,1
1999,度过,1
1982,幸韬,1
1984,幼狐,1
1986,广东,1
1988,广大,1
1990,广工华立,1
1991,广西,1
1992,广金,1
1993,庆幸,1
1994,应开,1
1995,应是,1
1996,应有,1
1998,废物,1
2000,廉中,1
1938,师苑,1
2001,延迟,1
2003,建起,1
2004,廿小,1
2005,开启,1
2006,开嘴,1
2007,开场白,1
2008,开奖,1
2009,开学,1
2010,开家,1
2013,开门,1
2016,引力,1
2017,弗兰克,1
1979,幸得,1
1978,幸好,1
1977,幸免,1
1975,年里,1
1940,师院,1
1942,帝国,1
1943,带上,1
1944,带你去,1
1945,带回家,1
1946,带娃,1
1948,带风,1
1949,帮你忙,1
1950,帮帮我,1
1951,帮忙,1
1952,常态,1
1954,干净,1
1955,干得,1
1957,平平淡淡,1
1958,平庸,1
1959,平淡,1
1960,平生,1
1961,平白无故,1
1962,平衡,1
1963,平野,1
1964,年代,1
1967,年少,1
1968,年少时,1
1970,年汉纸,1
1974,年近,1
1860,小隐,1
1859,小镇,1
1858,小贱,1
1758,家中,1
1744,宝贝,1
1745,实中,1
1747,实用,1
1748,审计,1
1749,客官,1
1750,客户,1
1751,客死他乡,1
1752,客观,1
1753,宣区,1
1754,宣城,1
1755,宣言,1
1757,害怕,1
1762,家暴,1
1856,小西,1
1763,家里,1
1764,家高,1
1765,容易,1
1766,容错过,1
1767,容颜,1
1768,宽容,1
1769,宿迁,1
1773,寄出,1
1774,寄日,1
1776,寄锦书来,1
1777,寄长情,1
1778,密码,1
1743,宝物,1
1742,宝应,1
1741,宜宾县,1
1740,定格,1
1706,学长,1
1708,学院路,1
1710,孩儿,1
1712,宁大,1
1713,宁曾,1
1714,宁采,1
1715,守一,1
1717,守护,1
1718,安之,1
1719,安仁,1
1720,安全感,1
1721,安向西,1
1722,安平,1
1723,安康,1
1725,安心,1
1726,安放,1
1727,安晏,1
1728,安澜,1
1729,安稳,1
1730,安逸,1
1732,宋金煜,1
1733,完全,1
1736,官方,1
1737,定义,1
1739,定师,1
1779,富裕,1
1781,寒旭,1
1782,寒烟,1
1821,小妞,1
1825,小媛宝,1
1826,小子,1
1828,小孩,1
1829,小孩儿,1
1830,小尾巴,1
1831,小山,1
1832,小店,1
1834,小心,1
1835,小心眼,1
1838,小晴,1
1839,小朋友,1
1840,小朱,1
1841,小柒,1
1842,小栈,1
1844,小狗,1
1845,小猫,1
1846,小男孩,1
1847,小白,1
1848,小白求,1
1849,小皮,1
1850,小确,1
1852,小精灵,1
1853,小腿,1
1854,小花,1
1855,小虫,1
1824,小姑娘,1
1820,小女生,1
1783,寥落,1
1819,小女孩,1
1784,对不起,1
1785,对后,1
1786,对我讲,1
1787,对桌,1
1790,对面,1
1791,寻一,1
1792,寻一人,1
1793,寻人,1
1794,寻人启事,1
1795,寻常,1
1796,寻志,1
1798,寻求,1
1800,导师,1
1801,导游,1
1803,封闭,1
1804,射手,1
1807,尊重,1
1808,小丸子,1
1809,小事,1
1811,小兔,1
1812,小叔叔,1
1814,小善缘,1
1815,小园,1
1816,小城,1
1817,小女,1
4566,龙眠,1
